roll_no,file_type,file_id
23BPY017,photo_url,1ppnGQ1pb8Eb_xvcwzB0qH5tStqfkv5Bv
23BPY028,photo_url,1qlo1h8KrU8JZQm65jBspcWp9T_fRCbnq
23BPY050,photo_url,1qx19wCVkCMnHj5_DC-JlkI2NWcpQDWXL
23BPY018,photo_url,1roHN7-1fqXORZfEhrOMfHbZGpvSPSutz
23BPY026,resume_url,1s4EsiG59FbTRbhEPRthzy5-4O3p8q8cL
23BPY040,resume_url,1sGPLrt79umyyHZmPTRsVFXY3UYDxnD2m
23BPY040,photo_url,1sQ7ePaDJDLNPHU14HN4vLx5MY0AEQ-yW
23BPY053,photo_url,1ha6qbP6qigT2BOX8q1evlMXUtB6T8r09
23BPY037,photo_url,1i90BppIHkOI2-YfYFyeajYcIOg8ygtst
23BPY023,resume_url,1jlB_gWmYnNoe50CVQZq640jQRJbdMkmH
23BPY055,resume_url,1k2PIVhsZ4ShVQrW3UAszubRW7PJ9-Ydr
23BPY021,resume_url,1k3N_gT2iLA7ilXu6rGXoOdgMXChCGeaR
23BPY046,resume_url,1k7qxpxr6GbwVRo48HIXWvOkpPyf-bC1u
23BPY053,resume_url,1kIiKXS7YgHRHkerhgUcImnz2zt0M7Knu
23BPY043,resume_url,1kKHVUkxhLTTOW91BR38gZJLpgfFkcj9o
23BPY055,photo_url,1kQlvL0r6kNIfUcZdWGCfRqconiOyTlPw
23BPY038,resume_url,1kYh7N0HftNfamt0SBrN8SiNf7UZd-HXP
23BPY007,photo_url,1kjS5JRhG9cDCQ1MInGX0xxIIce-cZP4e
23BPY031,photo_url,1ktP81gLTg-_suaATDFooSEDA33PBQK_R
23BPY044,photo_url,1l3ibvUDuyxT2_IEfD2ctj7__zhX7yA-a
23BPY062,photo_url,1lLS2sROo9OjdF-8Y0bdOb6E3IsKzW7sm
23BPY010,photo_url,1m2TZQfUHzKtkhsSMynqCmvixUPNGQicU
23BPY046,photo_url,1mYX5_AfGtYfdFBoEJb6QIoHf890TVqku
23BPY025,photo_url,1oBsgqpoqHr4w61ZqalLUmYUpfXoDRtKU
23BPY035,resume_url,1YclTZI4NXYMn7sbmOlHMNepKmlxhI4ZH
23BPY005,photo_url,1ZAT-_eDi_qHx5uKZOBF9l901DH9jR3kL
23BPY019,resume_url,1_4sZkRVsN2ked2cPbcxtbdjSRYoP0MT5
23BPY032,photo_url,1_DLTjj_MSGDa-tCGEuEwQcvyR5VN1x67
23BPY044,resume_url,1_T3e_ggjN5Xh1Q6aZXoacj8amelRiP89
23BPY002,photo_url,1_YqZVXbfv86pvX8D2jSzc6yv3dTQOqRQ
23BPY019,photo_url,1a7jTE_qMeUsIN3Fud_VPkwCSv7vxrrAD
23BPY035,photo_url,1c1nhTIzQO2A9OP1mGkek2aGrTV9ZlnFd
23BPY017,resume_url,1eSCj-tUgpJ3o2eEZdkVtxTVNsQMImw-D
23BPY007,resume_url,1f5iHKm3Zn1q3V6I7y4oi_tMGAPnzyAN9
23BPY015,resume_url,1fr0oWAO9amlMZYUX3yYW5LpsDf7Dnv09
23BPY032,resume_url,1ftq0SiSOvLUYzrRge0SsnE6FlS-fxITK
23BPY051,photo_url,1fuWTSjIR30Rm9K1NZiGIMBsbC6YnTb3E
23BPY014,photo_url,1gU1Unmu74zjJZeTQ6fwf3T-MG146JSTk
23BPY063,resume_url,1hP206AIPRytjc09Z0J22yZ-dUoJC0MBo
23BPY056,photo_url,1hPbxpdY13-SdmHFvK1h8GrBIQyPFFSeR
23BPY021,photo_url,1Jzc2MnotVabA9jq8pEgf9Vnarb9tfgp1
23BPY060,resume_url,1KfZtGYaWlYkZnZPyp6nzalP38_Qb6pA6
23BPY038,photo_url,1LEBqv5q10pMHK8SAJTXA-OTLqYCnoHiv
23BPY006,photo_url,1LNpShULGW_C3JqGf3bZ7pFeORYOuPhQ8
23BPY013,resume_url,1M29mrXO4KCxYzY6WZn5kVMmv2VNziTaK
23BPY020,resume_url,1Mt0tQX-MvKRb3hB2kgC6J4DNu_d0Kui-
23BPY012,resume_url,1NlOa69Y0oNxQqvcEV3kjv5B0M2atesfX
23BPY056,resume_url,1PChWnQSWFq-o5SijWuO_YI_X7HlUFlSv
23BPY006,resume_url,1PuB-Jt7911lJqLdKxBUyoNwi3nitGPP9
23BPY004,resume_url,1QkiJx-b7pkf4x9m2dNVli6GfFBXxmrbW
23BPY048,resume_url,1QoIOJHvLc_hSWtBWlWrl-l9q__2l4FIC
23BPY029,resume_url,1QraaIiROR8lV4422PnovOcjMkxd9eeyf
23BPY003,resume_url,1RgE4nkFMlvVbGgPmNJOfC-P4NdWn38pW
23BPY022,photo_url,1TN9WUbkcyCag6U3nhiSZg5yGD2-u3dKH
23BPY025,resume_url,1Tp6cc3o2zIuCppKDrw6D9ZsleJixrty9
23BPY001,resume_url,1U_PWZbA6_y5Lh3CHcIEY9vIqwXrqMhok
23BPY042,photo_url,1VOBgaJjxU-SDLKNdwQDa8_8t7HWWoomY
23BPY062,resume_url,1W8R-SJnrFaXcCajHRBfYDHec-BFYfgtP
23BPY015,photo_url,1W8WQePLCx_qwYPuK_gM9DFqnu3oLqwUO
23BPY060,photo_url,1WDUCgL8u4-zMSQbG-vzY3fQ4l_cuRt9d
23BPY041,resume_url,1Wl2PlVRpNXzMtdBh2VovZzWtDAk0g3Sa
23BPY052,photo_url,1WrLOmU4XEJ5KnHE7v8dPsM24b9-t1raR
23BPY052,resume_url,1XTXgSwrj6FHGQJIJ_akF1tNouBNVmNd2
23BPY009,photo_url,1XcWu9RW1kmcPw4HJHlBLCLrL45IeO7Sa
23BPY033,photo_url,1Xh628l0EOFQrR_jWyAc00AWkm67cH9UT
23BPY014,resume_url,16T8HWbp8u-6FkYCV4kg8WRllx9wLYx5s
23BPY011,resume_url,16bTIWND2MKUOS3mtjZOD0lm41n08PA91
23BPY039,photo_url,18SsEc7u9pc8y1G04vxOeaxAqzWio4NjR
23BPY004,photo_url,18_0XdItw_06JN6dBxB-irtm47hj57hmj
23BPY018,resume_url,193ZcVgm7DjpAZuQjiGmTF3NrXWuZLCbP
23BPY012,photo_url,19ULZBa8hSXXt2UiQeF_d8lVgtnBT-0Vv
23BPY031,resume_url,1A4Wv5Ya0P2Go6JNP8OyTjGxrO-UGqVwv
23BPY051,resume_url,1B5_86hq0z-oWCpgquI1rQpohoFlA7ghi
23BPY036,photo_url,1C45uLk7PWYuMnYxWUvN9urWlLe-ptaka
23BPY059,photo_url,1CJLusayOQemA3ZBxcXjfwaUUHLJf2HT-
23BPY061,resume_url,1FN1wtDBsz4q75OZPBpoag8iSvhvtDLqG
23BPY042,resume_url,1GlosOn0Z4ZHkFbjUcx4Gn3nUGXr0wq0R
23BPY059,resume_url,1GrxBkfFLxKPjlTXi3l6KDBP-jtCtHl1k
23BPY030,photo_url,1HKeyMioIU8iMkNdpAroD1gr6rqg-jWNe
23BPY020,photo_url,1HNEyhHiWQvRkTNaKFzen6U8wtVzzs4nm
23BPY045,resume_url,1I6YiA1Pf4bXs6RxRkGdZs8Ns0lfCNvfb
23BPY026,photo_url,1IetVKOqf29Zkl7JNbXifNMUs39s49yS9
23BPY010,resume_url,1J1y1V1o4fcji81r8Fpb0Ji-q4mVnZre4
23BPY057,photo_url,1J9wcSoO9FVLZQykKBPkZBQIaIMku4A1K
23BPY043,photo_url,1JPWdwYbKB7LhTd8CI6ZlANNTzWP_z8KF
23BPY063,photo_url,1JclS8QwN4FyZaT4Qsw5clCxYlxrVEbO1
23BPY011,photo_url,1Jq0xQKU7BlkFAZ4da7TEddiCpFv80b08
23BPY030,resume_url,1-cCthNodCpSkQzh1IUdkqMdb4lOjD8qP
23BPY009,resume_url,10CucV4aeho5hDNV3xaQqiqVBsQjX7qMB
23BPY022,resume_url,10xtC14DYBpOg32efhGSTh_3DIBoziTII
23BPY029,photo_url,11EbLLHI0VlcQDeQEaZZzqQ4-zB7Dco9e
23BPY037,resume_url,12Fn54z_uWC6NymRmaWC2LMeu0vUOxY_I
23BPY057,resume_url,12WYTfD4vMNcKF0Ysf5FH2KirzO6k_gB-
23BPY041,photo_url,12XkpVfKHMWTNOPqUVxNinnxwtRvovEeT
23BPY033,resume_url,12dnJLv7EcES1KaeLP3uK3YTrSq4Z4PzT
23BPY024,resume_url,13I73HYF-IACAC6vr9EfCwclVwSxzSaTv
23BPY048,photo_url,13YP1_1N_LZcBc170aMLoZJ_e7WH80sBZ
23BPY024,photo_url,14Gs2ArftsuRdN1pYDm5HhelsFvCW_DKN
23BPY036,resume_url,14i4WKaHSHhp8VGRoIsF8jQKhvnAu6yk4
23BPY013,photo_url,15I3IEokqkS8RNyVOXBYJw2vWHGqI9O1a
23BPY039,resume_url,1-3XDAHf0-e-n9Yj46L3d95KggH2g97-8
23BPY023,photo_url,1z4JUzGQ-4jbq-17NW5vN94PWz2QJOXrp
23BPY005,resume_url,1zyYJJDuZ3QN9u-Gvf-o1LzElIkALdV97
23BPY050,resume_url,1zq9z0pt6undJAZRsT3NJlAgbR9paGUNN
23BPY028,resume_url,1yNOacKJtBQtBbQuklxO8nf2taVTmtDkm
23BPY047,resume_url,1tMZujZXcpNDV_S8OHKbszVlgEf4QcIDY
23BPY047,photo_url,1x8M2S-ZbQv5YwTxo_TwvBoQcV_to6dvZ
23BPY045,photo_url,1uDcbyYtK4VFjW5UmBUOKMuvct-6LA5be
23BPY061,photo_url,1zqBooj5k7dx2C50i3jJdUsJPYVOoOLFa
23BPY003,photo_url,1vqLLDAJIDJZUSdp7O0fZsKzHCQ5CYg9Z
23BPY002,resume_url,1tuTTLI9kZogM8yPonIezTz0o6FTn9wLh
23BPY001,photo_url,1v3-lYJF6tsdc-Zbv9sLC3EYYNQKXcrLo